name,phone,email,address,country,region,department_id,Price,contect_id
Michelle Mccullough,1-618-188-9778,gravida.sit.amet@yahoo.edu,273-5649 Euismod St.,Belgium,Brecknockshire,14.0,8.845,W3I 9P4
Christen Blair,1-718-732-4737,venenatis.lacus@aol.ca,247-4658 Varius. Avenue,United Kingdom,Moscow City,3.0,9.366,V4B 2E9
Nolan Elliott,(717) 243-4238,risus.quis.diam@google.ca,"Ap #719-6001 Eget, St.",France,Central Visayas,5.0,9.31,V3O 1C5
Jonas Bauer,(311) 797-1586,sollicitudin.adipiscing@yahoo.edu,Ap #148-8192 Sagittis Rd.,Italy,West Sulawesi,8.0,5.442,W1C 8K3
Katelyn Morse,(926) 448-4419,ultricies.ornare.elit@protonmail.edu,"P.O. Box 342, 8592 In St.",South Africa,Meta,13.0,8.128,T9U 8P0
Logan Mooney,(217) 430-2364,massa.rutrum@hotmail.couk,Ap #257-8038 Egestas Avenue,Ireland,Northern Mindanao,2.0,8.917,I3B 3B5
May Johns,(605) 523-0702,at.pretium@aol.com,864-1420 Cras Rd.,Nigeria,Arauca,1.0,7.724,J7B 3C1
Kadeem Hogan,(595) 266-1493,interdum.nunc@icloud.couk,"P.O. Box 604, 1584 Risus, St.",Poland,Vestland,9.0,8.41,I2N 7X8
Russell Fulton,1-312-766-9053,ut.tincidunt.orci@icloud.ca,Ap #544-5969 Tellus Avenue,Singapore,Rivne oblast,2.0,6.3,B5U 2E6
Jerry Harmon,(285) 945-5950,ut.erat@aol.edu,198-7461 Mi Road,Costa Rica,British Columbia,1.0,9.496,K5L 1Q3
Barclay Buck,1-686-887-9479,auctor.velit@outlook.ca,972-5408 Convallis Rd.,Spain,Limón,11.0,5.081,T2M 3K4
Keaton Mccarthy,(633) 589-7717,sit.amet@google.ca,2312 Massa Rd.,Italy,São Paulo,9.0,7.444,H1G 6B8
Thaddeus Terrell,1-853-488-0464,at.augue.id@protonmail.com,"Ap #798-9324 Pharetra, Road",Brazil,North Region,3.0,8.787,J7Y 9R5
Jolene Sellers,(541) 691-0154,mauris.non.dui@google.com,"661-6812 Erat, Ave",China,Toscana,10.0,7.561,T8I 1A2
Adele Frye,(573) 811-6859,molestie.sed@yahoo.net,Ap #996-6660 Convallis Avenue,Ireland,Ohio,3.0,5.508,Q5C 3O6
Berk Reynolds,(274) 864-0487,non.lacinia@protonmail.net,254-5435 Purus Av.,Nigeria,San José,15.0,8.596,K1Q 5Y2
Mark Lowery,1-666-695-1335,turpis.egestas@protonmail.com,759-4665 Curae Road,Canada,O'Higgins,1.0,9.799,E6R 4I7
Talon Barlow,(451) 524-2684,at.pretium@hotmail.net,"P.O. Box 440, 6557 Ac, St.",Germany,Rio de Janeiro,8.0,9.009,T3C 7L3
Kellie Singleton,(418) 245-4658,rutrum.justo@outlook.edu,Ap #937-2206 Mollis. Rd.,Poland,Ulster,8.0,5.839,F4F 4N8
Erich Casey,1-726-931-8589,nunc.sed@google.ca,954-7344 Pretium Road,Philippines,Balochistan,3.0,9.744,N1H 1V2
Halee Green,(132) 447-4635,maecenas.malesuada.fringilla@google.ca,Ap #818-6425 Odio. Road,Indonesia,Molise,6.0,9.876,T6H 3I7
Beatrice Daniel,1-592-858-9622,enim.consequat@icloud.org,481-9291 Diam Av.,Russian Federation,Małopolskie,4.0,7.96,J3K 3Y6
Dalton Aguirre,(932) 195-4746,morbi.vehicula@yahoo.com,Ap #868-2634 Dis Av.,Canada,Lower Austria,11.0,7.736,D8X 1R3
Chastity Buck,1-678-581-6362,sit.amet@yahoo.couk,"P.O. Box 899, 8453 At, Rd.",United States,Idaho,7.0,9.56,T6S 3R9
Ciara Livingston,(374) 881-5832,non.vestibulum@yahoo.couk,659-3905 Quisque Rd.,China,Morayshire,15.0,6.428,X3X 2T8
Levi Nash,(757) 757-5450,duis.sit.amet@yahoo.couk,"875-2908 At, Rd.",Vietnam,South Chungcheong,3.0,8.234,P6S 8X7
Echo Dejesus,(554) 561-1837,lectus.pede@icloud.com,550-2219 Lacus. St.,Germany,Shropshire,11.0,5.289,F5Y 2B9
Alexander Foley,1-596-547-9165,elit.pharetra@icloud.com,Ap #856-1619 Egestas Road,Indonesia,Hậu Giang,10.0,6.947,K7D 8M1
Hilda Leblanc,(736) 355-8712,cubilia.curae@hotmail.org,"178-8925 Et, Ave",Philippines,South Australia,9.0,7.324,J2T 7M1
Signe Harding,1-931-532-5438,natoque.penatibus@outlook.com,"P.O. Box 806, 133 Senectus Rd.",New Zealand,Minas Gerais,15.0,6.07,C8I 7G3
Sade Nunez,(386) 661-6255,luctus.et.ultrices@hotmail.couk,525-8445 Vitae Road,Turkey,North Region,14.0,5.178,R8O 8P5
Hope Hayes,1-176-351-2267,phasellus.elit@protonmail.couk,237-6582 Cum Road,Vietnam,North Gyeongsang,3.0,7.055,O4H 9F7
Cheryl Sellers,(756) 851-8655,hendrerit.neque@icloud.net,Ap #575-152 Imperdiet St.,Philippines,Aisén,5.0,6.259,L9I 8P4
Gisela Sheppard,(384) 514-2277,quis@aol.com,3517 Massa. Rd.,South Africa,Dolnośląskie,2.0,7.837,O1L 7H8
Lucas Fischer,(757) 824-5409,elit.pede@hotmail.net,"Ap #353-367 A, St.",Ukraine,Gelderland,13.0,5.573,P6I 2M3
Rhonda Bauer,(238) 673-5372,risus.duis.a@icloud.com,"P.O. Box 821, 3692 Augue Avenue",Canada,Flevoland,11.0,7.787,Y8K 9N7
Beau Mcdowell,(627) 258-3331,dictum.cursus.nunc@google.ca,104-5904 Erat Ave,Australia,Lower Austria,1.0,9.762,D6V 2H5
Imelda Hester,(240) 344-2725,vivamus.molestie@outlook.org,"P.O. Box 506, 9443 Ac, Road",Nigeria,Azad Kashmir,13.0,5.1290000000000004,E7X 7U2
Francesca Mcintyre,1-714-834-1044,vestibulum.accumsan@yahoo.ca,247-9516 Velit. Street,Nigeria,Puglia,2.0,7.857,I3F 8U4
Giacomo Ramsey,(600) 332-7477,fermentum@yahoo.org,1155 Sapien. Road,Norway,Cajamarca,15.0,8.494,L1O 7T3
Aladdin Travis,(626) 767-6845,aptent.taciti@outlook.org,"Ap #928-9217 Non, Avenue",France,Euskadi,3.0,7.704,L4U 7N0
Clarke Pittman,(854) 585-3961,sociis@yahoo.ca,895-3062 Augue Av.,Vietnam,Oost-Vlaanderen,13.0,7.288,F2D 7X6
Sophia Holmes,1-976-965-6572,curabitur.ut.odio@icloud.edu,Ap #850-2734 Et Avenue,Mexico,South Island,1.0,7.3100000000000005,W3F 2R9
Ila Craig,(141) 321-4475,lectus.a@protonmail.ca,8497 Mattis Av.,Nigeria,Dalarnas län,3.0,9.607,R6X 8R7
Leroy Lynn,1-886-446-3076,arcu@protonmail.ca,"395-370 Quam, St.",Pakistan,Northern Cape,8.0,5.695,X1F 1D8
Xavier Oneil,1-578-597-4604,nunc.ullamcorper.velit@hotmail.ca,Ap #949-6765 Proin Avenue,United States,Nordland,1.0,8.476,O9M 5T3
Edward Young,1-831-572-6629,mattis.velit@outlook.org,614-1492 Mattis. Avenue,Norway,Saint Petersburg City,3.0,9.536,P9W 3Y4
Jack Lee,1-761-808-5278,vulputate.eu@outlook.com,919-3448 Sit Rd.,Ireland,Paraná,1.0,8.296,R7K 7S5
Hanae Adams,(557) 337-1278,vehicula@google.com,"P.O. Box 733, 9521 Posuere Ave",Pakistan,Biobío,9.0,8.040000000000001,W6I 0W9
September Rhodes,1-677-527-2737,sit@google.com,2817 Sit Ave,United States,West Kalimantan,4.0,8.032,E0H 2X5
Zephania Patel,1-533-506-2674,nibh.lacinia@yahoo.ca,452-3041 Purus. Street,Indonesia,Rio Grande do Sul,11.0,6.996,M1E 1X9
Eleanor Vance,(616) 439-9678,vestibulum@icloud.ca,416-7672 Risus Street,Vietnam,Baden Württemberg,1.0,5.265,X4X 0L5
Lysandra Delacruz,1-331-733-6122,lorem.eu@aol.edu,"492-2049 Non, Rd.",New Zealand,Cantabria,2.0,7.95,R0R 5I5
Blaze Trevino,(665) 495-3812,ligula.donec@yahoo.couk,Ap #620-443 Mi Street,Belgium,Los Ríos,9.0,5.1850000000000005,W2C 3Z8
Brooke Mitchell,1-226-790-2543,nulla.donec.non@icloud.edu,Ap #255-4773 Morbi Av.,Belgium,Ogun,14.0,6.65,K8B 8V4
Sybil Simon,(785) 675-1043,magna@hotmail.edu,644-1240 Luctus Street,Belgium,Queensland,7.0,5.186,H8C 7F6
Catherine Marks,(367) 206-7668,duis.cursus.diam@outlook.ca,"583-3452 Eu, Rd.",Poland,Calabarzon,3.0,6.566,R1O 2X2
Medge Morales,1-846-714-1397,egestas@hotmail.net,"P.O. Box 133, 4502 Cum Ave",Nigeria,Loreto,14.0,8.429,F2V 9W6
Anjolie Rhodes,1-758-702-8689,libero.donec.consectetuer@hotmail.ca,"7430 Sed, Av.",Russian Federation,Bali,10.0,9.278,W6V 2O7
Lilah Salazar,(957) 645-2386,nisl.elementum@icloud.com,"P.O. Box 510, 2018 A, Road",Mexico,North Island,11.0,9.743,O2P 1F2
Allegra Mcmillan,1-463-467-7826,augue@icloud.couk,Ap #229-3769 Sed Ave,Singapore,Puebla,3.0,6.466,A2G 4X7
Keiko Benjamin,1-776-680-2682,tellus.phasellus@outlook.net,3854 Et St.,Sweden,Bretagne,1.0,5.089,W4L 9U7
Lara Wilder,(351) 473-8273,ut.pharetra@hotmail.ca,488-4613 Eros. Street,Singapore,Tarapacá,1.0,9.63,Q6L 9X8
Jaquelyn Robinson,(542) 643-6671,aliquam.eros@protonmail.net,"P.O. Box 351, 1790 Sem Rd.",Poland,Dalarnas län,1.0,6.758,N7T 5L1
Wilma French,1-375-564-8692,purus@hotmail.edu,2196 Pharetra Ave,Mexico,Newfoundland and Labrador,11.0,6.292,J8X 3T0
Kathleen Stevens,1-856-690-5687,erat.sed@google.ca,402-3229 Porttitor St.,Germany,Irkutsk Oblast,5.0,5.676,O7G 1K0
Wang Suarez,1-951-525-6522,posuere.at@google.edu,6322 At Av.,France,Carinthia,15.0,8.056000000000001,G7I 8H7
Buffy Bush,1-745-543-1110,aptent@outlook.ca,4877 Diam Rd.,Turkey,Dorset,9.0,7.615,N2L 2C4
Chandler Jones,(211) 625-0932,aliquam.erat@icloud.org,686 Dictum. St.,France,Nova Scotia,6.0,7.845,I4A 7G7
Phillip Langley,(103) 354-6532,quisque.purus@protonmail.ca,"P.O. Box 389, 7251 Elit. Avenue",Mexico,Antofagasta,6.0,8.511000000000001,W8R 8P5
Emily Glenn,(413) 514-8814,cursus.et@yahoo.org,422-7375 Feugiat Av.,Chile,Australian Capital Territory,10.0,7.5520000000000005,S4P 0V6
Hop Rowland,(566) 811-8295,facilisis.eget.ipsum@yahoo.org,Ap #204-7714 Et Av.,India,Huáběi,8.0,6.322,S5F 3F2
Cooper Meyers,(435) 908-3375,lectus.pede@yahoo.com,Ap #642-8160 Lacinia St.,Austria,Noord Brabant,10.0,6.8870000000000005,M5S 0R3
Pamela Singleton,(497) 562-0170,nulla.cras@google.net,258-1718 Aliquet Av.,Singapore,Veracruz,8.0,7.397,K2J 3Y0
Benjamin Strickland,1-894-958-4153,facilisis.non@google.net,969 Libero Rd.,Italy,Rheinland-Pfalz,7.0,8.697000000000001,J1K 4P0
Tucker Castillo,(876) 235-5362,amet.massa.quisque@aol.edu,7169 Id Av.,Nigeria,Minas Gerais,10.0,9.987,R6N 2X4
Donna Price,1-281-217-5308,curabitur.ut@google.ca,872-6001 Hendrerit Rd.,Mexico,Anglesey,4.0,6.4430000000000005,J3X 6R7
Rhonda Luna,1-234-818-4232,eu.ligula@protonmail.com,7947 Suspendisse St.,New Zealand,Rio Grande do Sul,3.0,8.653,M7P 1T5
Wing Christensen,(920) 778-9834,sed.eget@yahoo.org,714-5801 Felis St.,South Africa,Punjab,4.0,5.285,F4K 4Z0
Maxwell Velez,(628) 872-1767,nulla.in.tincidunt@yahoo.ca,Ap #322-2719 Arcu Avenue,United Kingdom,Zhōngnán,7.0,8.523,Z5S 2V9
Kylynn Jimenez,(835) 274-3403,sodales.at@yahoo.org,"P.O. Box 790, 2253 Aliquet. Street",Australia,Ross-shire,6.0,9.508000000000001,C7I 5G9
Tate Durham,(524) 766-3290,pellentesque@google.net,Ap #919-6992 Eu St.,Russian Federation,Northern Territory,13.0,8.277000000000001,M6E 7R3
Lee Shields,(321) 521-8113,posuere@google.com,"P.O. Box 943, 5663 Suspendisse Av.",Mexico,Minas Gerais,14.0,8.275,N3O 4H7
Rina Hall,1-393-789-1016,sit.amet@outlook.edu,121-8768 Litora Rd.,Indonesia,Östergötlands län,13.0,9.177,S2F 6L7
Karleigh Owen,(151) 478-7633,ac.eleifend.vitae@aol.ca,Ap #552-5352 Tempus Rd.,Singapore,East Region,4.0,9.982000000000001,Q9F 4C7
Upton Manning,(786) 555-0362,nec.orci@google.couk,"P.O. Box 361, 1180 Pellentesque Ave",Netherlands,South Sulawesi,2.0,5.88,N5P 6S8
Vincent Fulton,1-273-686-8534,nec@outlook.ca,Ap #377-4245 Nunc Street,Pakistan,Östergötlands län,13.0,7.899,U1X 2U9
Madeson Hayes,(341) 416-1184,mattis.cras@protonmail.org,529-1811 Nulla St.,Vietnam,Quảng Ninh,3.0,7.702,V8C 1M8
Ima Davis,(982) 235-7741,ullamcorper.eu.euismod@yahoo.couk,924-5951 In Ave,Norway,FATA,8.0,9.804,U2C 1N8
Chancellor Strickland,(626) 136-3722,fermentum.risus@aol.couk,429-9092 In Av.,Australia,Podkarpackie,9.0,5.206,I1H 6P1
Eugenia Cantu,(716) 487-0834,dolor.vitae@protonmail.com,Ap #192-2247 Mauris St.,Pakistan,Ryazan Oblast,8.0,5.905,K4U 3W6
Hilda Paul,(475) 838-4540,suspendisse@google.couk,988-9600 Nunc Rd.,South Korea,Innlandet,10.0,6.013,U5P 7G5
Alexis Moss,(418) 747-8325,feugiat.lorem@protonmail.couk,861-9589 Dictum St.,New Zealand,Heredia,15.0,6.871,L5F 8H5
Hashim Roberson,(361) 722-2716,ad@icloud.org,"P.O. Box 420, 9816 Quisque St.",Austria,Wielkopolskie,4.0,9.415000000000001,H7V 5M8
Abbot Avery,1-425-388-0534,enim.etiam@yahoo.edu,"P.O. Box 858, 2024 Libero Avenue",New Zealand,Rio Grande do Sul,12.0,9.605,T7W 5C5
Shea Richards,1-227-558-3472,sit.amet.consectetuer@protonmail.edu,Ap #494-7157 Vel Ave,China,North Region,15.0,5.158,C5X 2K1
Carissa Wilder,(216) 722-4544,velit@protonmail.ca,Ap #265-4785 Mattis Road,India,North Region,10.0,6.771,M4J 1H5
Murphy Alford,(122) 414-8776,pede.ultrices@google.com,5522 Mollis. Road,Indonesia,Australian Capital Territory,15.0,6.811,V4G 5L9
Aristotle Rasmussen,1-576-764-7557,sit.amet@protonmail.edu,114 Hendrerit. Ave,South Africa,Cà Mau,3.0,8.877,R0H 2B7
Gay Steele,1-341-867-1616,blandit.at@icloud.couk,Ap #944-950 Aliquam Ave,Spain,Kemerovo Oblast,13.0,6.047,F4L 4V2
Robert Holt,1-541-822-6347,egestas.sed@icloud.com,569-2944 Leo. Street,Italy,Auvergne,9.0,8.984,V4X 8W1
Quinn Copeland,(556) 749-4224,vel.venenatis@outlook.org,"P.O. Box 642, 6538 Eleifend, Ave",Vietnam,Piemonte,11.0,5.053,V9R 1P6
Tasha Zamora,(839) 132-5661,cursus.luctus@icloud.ca,658-553 Nibh. Avenue,France,Agder,7.0,8.287,G4X 7F8
Orson Vaughan,1-781-728-1263,massa.non@hotmail.ca,339-9347 Laoreet Rd.,Singapore,Munster,7.0,5.559,V7N 7Y3
Jeremy Hoover,1-792-352-4094,tristique@outlook.ca,Ap #935-2607 Suspendisse Rd.,Mexico,Ulster,8.0,9.441,S0H 0O6
Calvin Gates,(126) 285-4222,risus.at.fringilla@aol.edu,"930-9078 Vestibulum, Avenue",India,Connacht,4.0,8.044,M5M 8T4
Grace Hines,1-662-622-6810,lobortis.augue.scelerisque@aol.edu,Ap #893-9227 Auctor Road,New Zealand,North Island,12.0,7.777,T7V 5Q5
Lesley Jefferson,1-583-906-1031,at.pretium@protonmail.org,"P.O. Box 464, 8922 Pede. Rd.",Austria,Illinois,1.0,6.003,X5S 8N4
Alyssa Thornton,1-620-454-9371,pellentesque@outlook.ca,Ap #276-1881 Nam Road,Vietnam,Saratov Oblast,2.0,7.796,H6H 5I3
Hiroko Carlson,(148) 596-1229,sollicitudin.a.malesuada@aol.ca,Ap #221-6086 Semper Av.,China,Comunitat Valenciana,10.0,8.774000000000001,B5F 5R5
Belle Church,1-553-262-8022,tellus.non@icloud.com,Ap #473-8986 Risus. Rd.,South Korea,North West,5.0,8.256,Y1Y 1K0
Lev Lambert,(411) 432-8175,eu.accumsan@hotmail.com,377-4075 Dolor Av.,South Africa,North Region,7.0,8.766,T3G 7N4
Brynn Mayer,(129) 474-1745,ultrices@google.org,8353 Lacus. St.,Mexico,Riau Islands,15.0,9.534,D7O 5P1
Gillian Velazquez,(581) 276-2325,pede@protonmail.com,"P.O. Box 747, 7824 Fermentum Street",Australia,Munster,7.0,7.314,I5N 1B1
Montana Ingram,(581) 236-5553,pharetra@hotmail.edu,"P.O. Box 210, 5742 Phasellus Avenue",Nigeria,Magallanes y Antártica Chilena,11.0,9.849,G1A 4V7
Meghan Pacheco,1-671-222-6016,dictum.eu@icloud.org,1569 Diam Ave,Brazil,łódzkie,9.0,7.664000000000001,W5Z 1N9
Dale Duffy,1-756-159-3778,eget.tincidunt@outlook.org,685-3378 Risus. St.,Ukraine,Lviv oblast,10.0,9.49,B8L 1V8
Daniel Stanley,1-833-424-2409,dolor.elit.pellentesque@protonmail.edu,164-4489 Enim Av.,Brazil,Møre og Romsdal,8.0,6.135,D0H 4K2
Holly Meadows,(242) 107-8424,sit.amet.consectetuer@aol.couk,259 Pretium Rd.,United Kingdom,Noord Brabant,10.0,7.105,N2W 7I0
Alice Smith,(898) 887-9123,vivamus.non@outlook.com,302-4526 Feugiat Road,Sweden,Galicia,7.0,5.658,W6V 5O2
Reece Ellison,1-516-559-6936,curabitur.vel@yahoo.edu,9187 Penatibus St.,United States,Prince Edward Island,3.0,6.235,Q3F 8A2
Keely Bowen,(333) 666-7550,quisque.fringilla@google.couk,Ap #424-3964 Luctus Ave,Pakistan,Guerrero,10.0,9.683,V0G 9I7
Howard Olson,(866) 545-6728,augue@yahoo.com,727-2385 Euismod Ave,Austria,Merionethshire,12.0,5.932,B4Y 4Q9
Nicholas Marshall,(772) 287-8428,penatibus.et@google.couk,"834-8242 Facilisis, Street",South Africa,Alajuela,11.0,7.902,C2I 6D4
Edward Puckett,(722) 523-7679,magna.suspendisse.tristique@protonmail.couk,585-2593 Interdum Rd.,Pakistan,Veracruz,9.0,7.688,Q7J 2O4
Judah Santiago,1-651-261-2478,tellus.lorem.eu@aol.com,"P.O. Box 895, 8407 Tristique Road",Netherlands,O'Higgins,13.0,9.928,X4W 5W9
Belle Vang,1-866-867-6335,sapien.cras@outlook.edu,5605 Sed Road,Chile,Zhōngnán,10.0,9.671,R1H 2N5
Julie Wilkinson,(434) 616-2216,nulla.eget@outlook.ca,"P.O. Box 324, 6711 Elit. St.",Mexico,Małopolskie,9.0,9.036,P1F 7I8
Emi Sheppard,(667) 464-1629,fermentum@hotmail.couk,457-7319 Porttitor Road,Spain,Tolima,5.0,9.307,U8O 3J4
Julian Mcneil,1-700-348-6434,at@protonmail.couk,"Ap #283-2401 Quam, Avenue",South Korea,Special Capital Region of Jakarta,8.0,7.7490000000000006,S1D 9N0
Harper Golden,(682) 748-3284,eu.elit@aol.ca,"P.O. Box 446, 3556 Sed, Ave",Netherlands,Bình Dương,2.0,9.874,C7G 5G3
Carson Taylor,(631) 955-0227,ut.pharetra.sed@google.couk,Ap #703-8373 Nonummy. Av.,France,Namen,9.0,9.165000000000001,C4B 0P0
Dennis Allison,1-743-962-8356,pede.malesuada@aol.net,"681-5701 Et, St.",Pakistan,Stockholms län,6.0,9.575000000000001,B4W 4G1
Ursula Leonard,1-118-424-6586,hendrerit.neque@protonmail.net,132-6992 Etiam Street,South Korea,South Jeolla,1.0,6.5280000000000005,L6U 6Z2
Neve Poole,(405) 396-3256,sed.hendrerit@outlook.net,Ap #825-6842 Fusce Rd.,Belgium,Corse,13.0,6.509,N4K 3M1
Duncan Snider,(848) 275-3671,convallis.ante@aol.edu,175-4190 Ut St.,Ukraine,Limburg,6.0,6.538,O4H 4Q7
Yen Randolph,1-383-271-5452,lorem.ipsum@google.ca,549-9619 Orci. St.,Canada,Gilgit Baltistan,8.0,5.969,E4C 5K6
September Dickson,(536) 751-8443,orci.donec.nibh@hotmail.couk,307-5084 Magna. St.,Philippines,Euskadi,13.0,8.876,G5J 1U1
Hannah Singleton,(458) 583-7332,mauris.a@hotmail.edu,938-3193 Lorem. Road,Italy,Bình Phước,6.0,7.914000000000001,I1X 4I4
Dennis Conley,1-682-411-2164,cras.vulputate.velit@icloud.edu,3349 Enim Rd.,Germany,Central Region,10.0,9.768,E2B 3V3
Herman Snider,1-261-630-9386,leo.in@protonmail.ca,249-2779 Netus Av.,India,East Region,8.0,6.947,Y7I 3P2
Connor Hancock,(328) 938-8298,ullamcorper@google.net,Ap #154-9325 Nulla Ave,Italy,Northern Territory,4.0,6.1770000000000005,F4W 3S9
Wynne Hickman,(880) 167-1651,orci.tincidunt@yahoo.ca,Ap #933-6567 Mollis Street,Philippines,Rio Grande do Sul,9.0,7.5520000000000005,S8L 4P0
Rashad Rush,1-351-704-0185,dui@outlook.couk,Ap #590-5952 Ipsum Road,Belgium,Île-de-France,8.0,7.066,I5S 3D5
Eric Mckee,(440) 567-3380,auctor.non@outlook.net,"Ap #323-1442 Scelerisque, Av.",India,Rogaland,4.0,8.276,O3D 3P8
Ahmed Hale,1-767-716-1765,sit.amet@google.org,8517 Id Street,Ukraine,Ancash,9.0,7.3950000000000005,T5H 6O9
Carter Trujillo,1-735-797-5712,hendrerit.id@protonmail.org,Ap #632-3404 Aliquet Av.,Russian Federation,Wielkopolskie,5.0,6.57,H7F 3W1
Brody Richmond,(380) 583-6527,in.tempus@aol.edu,"Ap #665-7288 Non, St.",Spain,Drenthe,12.0,5.393,K3S 8I3
Sade Joyce,1-553-102-0286,odio.nam@google.com,"Ap #621-4956 Ut, Street",Vietnam,Luik,4.0,8.98,Z8Q 8S5
Halla Oneil,1-343-640-6733,magnis.dis.parturient@google.com,Ap #839-1825 Eleifend Ave,Colombia,Gilgit Baltistan,9.0,7.755,Y0L 4H2
Marshall Pacheco,(584) 578-7351,sed@outlook.net,Ap #705-6979 Penatibus Street,Italy,Van,7.0,9.062,I8H 0O7
Keith Owen,1-313-477-3706,in.cursus.et@hotmail.couk,4537 A Ave,Turkey,Vinnytsia oblast,15.0,5.118,Q1Z 4K3
Alea Steele,1-413-538-5515,et.arcu@icloud.ca,9558 Curae Ave,Spain,Sachsen-Anhalt,1.0,8.739,L2V 6O6
Kasper Mitchell,(948) 945-0947,faucibus@outlook.net,"P.O. Box 849, 9624 Interdum Rd.",Philippines,Jönköpings län,15.0,9.977,X1P 4X7
Vincent Meadows,1-245-998-1407,porttitor@aol.couk,987-9906 Vehicula Ave,Costa Rica,Connacht,10.0,8.697000000000001,Q5F 2M6
Iola Ellison,1-310-542-2604,fringilla.donec@aol.couk,9508 Ornare St.,Philippines,Luxemburg,1.0,6.4430000000000005,M5M 9O7
Kylan Scott,(934) 775-6441,dis.parturient.montes@icloud.ca,742-8379 Ipsum Road,Indonesia,Bauchi,11.0,7.937,B2C 4M3
Quentin Hale,(257) 483-3695,egestas@outlook.org,"Ap #873-7641 Ut, Av.",India,Heredia,14.0,7.6370000000000005,J2U 5R9
Rooney Faulkner,(421) 777-6674,gravida.non@aol.edu,Ap #818-7011 Luctus Street,United Kingdom,Munster,5.0,5.3790000000000004,B3L 6M8
Francesca Santiago,1-373-358-3649,etiam.imperdiet@protonmail.edu,898-6537 Arcu Street,Ireland,North Island,15.0,9.174,H5M 1L5
Ross Gaines,(623) 466-5106,nec.metus@icloud.edu,"Ap #211-5074 Id, St.",Australia,Santa Catarina,11.0,6.243,R8X 5U5
Jordan Anderson,1-168-265-3825,adipiscing.enim@aol.com,Ap #395-1879 Donec St.,Ireland,Atacama,9.0,7.3180000000000005,C9P 8W3
Gisela Kim,(432) 276-1443,cras.sed@icloud.ca,4139 Risus. Rd.,South Korea,West Region,6.0,6.817,V3K 3A6
Otto Cortez,1-412-821-7538,pellentesque.eget.dictum@outlook.edu,960-2018 Ac Rd.,Singapore,Huádōng,15.0,7.3,J9W 3U5
Wade Saunders,(863) 491-7336,ullamcorper.eu.euismod@outlook.net,"946-9174 A, Av.",Austria,Minnesota,2.0,5.7700000000000005,X5I 7O7
Edward Manning,1-982-543-1968,vel.quam.dignissim@google.com,3592 Phasellus Av.,South Korea,Alberta,2.0,7.963,I5S 7O1
Edward Hopper,1-473-767-6272,sit.amet@icloud.com,993 Blandit. Av.,Costa Rica,Tasmania,15.0,6.8420000000000005,N9G 1M8
Gail Hays,1-664-487-4869,risus.quis.diam@hotmail.edu,Ap #761-702 Malesuada Road,Brazil,Caithness,15.0,9.827,G8I 8M8
Merritt Noble,(529) 727-2353,integer.vitae@hotmail.edu,"Ap #609-2974 Vel, Road",Turkey,Renfrewshire,5.0,8.672,T9W 2B2
Salvador Barnett,(134) 528-3762,ornare@aol.net,"565-1607 A, Road",South Africa,East Region,3.0,7.609,C3G 1D6
Joel Zimmerman,(538) 776-1424,nisi@google.couk,Ap #686-8376 Sagittis Road,Russian Federation,Sicilia,12.0,6.473,Y7I 3K6
Karen George,(384) 477-1770,et@yahoo.edu,"Ap #953-8103 Eu, Street",Italy,Kano,2.0,5.776,B2Q 4I2
Kasper Higgins,(744) 389-1742,auctor.mauris@icloud.ca,"806-8745 At, Av.",China,South Jeolla,7.0,9.056000000000001,E7R 3I1
Kasper Robinson,1-277-368-5468,suspendisse.ac@protonmail.edu,Ap #388-7835 Aliquam St.,Singapore,Irkutsk Oblast,14.0,5.268,I0H 7L3
Mira Whitehead,1-478-443-6128,ac@google.ca,"Ap #563-7569 Id, Avenue",Austria,Papua,3.0,6.936,K2W 8C4
Darius Mccoy,1-867-367-1600,aliquam.nisl.nulla@aol.org,Ap #921-8401 Nunc St.,Nigeria,Limón,8.0,8.331,O8P 8S1
Noel Ray,(377) 918-1154,ridiculus@google.com,116-4636 Cras Ave,Belgium,Newfoundland and Labrador,2.0,9.146,N6A 8W6
Ciara Carney,1-906-382-5517,facilisis@google.couk,Ap #629-827 Ut Avenue,Netherlands,North Island,2.0,8.694,I1S 5V5
Julian Peterson,1-513-415-4626,massa.non@aol.com,"Ap #167-5923 Eget, Avenue",Italy,Oaxaca,13.0,9.797,I6A 0H6
Cedric Hudson,(866) 959-5175,augue.ut@google.net,Ap #548-1878 Lectus Av.,Brazil,North Chungcheong,5.0,6.545,Q9V 4B1
Deacon Stout,1-373-711-4256,consectetuer.rhoncus@outlook.couk,Ap #784-6089 A Rd.,Russian Federation,Castilla - La Mancha,13.0,5.9270000000000005,L8B 4O6
Thomas Benson,(548) 564-0649,et.ipsum@outlook.org,"P.O. Box 919, 788 Est Avenue",New Zealand,Pomorskie,3.0,8.676,L6V 8O1
Jin Buckley,1-967-974-4385,quis.massa.mauris@hotmail.org,751-3138 Risus Rd.,Spain,Cheshire,9.0,7.216,M6C 8V5
Lester Patton,1-752-765-7358,at.arcu@hotmail.ca,"P.O. Box 256, 515 In Road",Norway,Catalunya,7.0,9.89,R1I 1U5
Silas Britt,1-132-452-1277,semper.rutrum@google.com,Ap #705-2864 Ut Road,France,Valparaíso,5.0,5.011,M3S 8S4
Zenaida Poole,(877) 882-9105,vitae.odio.sagittis@google.couk,2637 Felis St.,Ukraine,Brussels Hoofdstedelijk Gewest,3.0,6.455,E8O 1C7
Gavin Wilson,1-837-184-1438,donec.vitae.erat@hotmail.couk,199-6690 Purus St.,New Zealand,Navarra,8.0,6.039,Q4X 6D0
Virginia Dodson,(133) 424-8323,egestas.a@outlook.ca,Ap #168-8040 Laoreet Road,Nigeria,Møre og Romsdal,1.0,9.433,V7S 6Z3
Rhonda Barrett,1-572-112-4218,eu.eleifend@google.net,Ap #904-9989 Rutrum Rd.,Mexico,Lipetsk Oblast,4.0,6.038,S1O 7I4
Herrod Mathis,1-411-710-6762,vitae.velit@yahoo.edu,Ap #578-8532 Suspendisse St.,Peru,Oost-Vlaanderen,8.0,5.0280000000000005,C2A 1L0
Lunea Cook,1-786-761-5700,nisl.elementum.purus@outlook.ca,"P.O. Box 818, 5160 In Ave",Sweden,Gangwon,9.0,6.619,C1L 3B2
Shaine Coffey,(111) 548-1172,erat@icloud.net,288-336 Mauris Street,Mexico,Biobío,12.0,6.182,D4R 2L2
Fay Juarez,1-328-446-3453,enim.commodo.hendrerit@google.net,430-1183 Fusce St.,Austria,Virginia,10.0,6.212,D5P 2V0
Zena Hopkins,1-584-401-5861,vulputate.risus@hotmail.com,961-1599 Fringilla Avenue,Australia,Puno,15.0,7.6610000000000005,D3M 5M8
Alec Richmond,1-447-628-6809,aliquam.erat@protonmail.org,Ap #619-2322 Elit. St.,Germany,Podlaskie,3.0,6.639,A2O 5F7
Ira Silva,1-383-473-4321,vivamus.sit@yahoo.net,"P.O. Box 505, 2103 Erat Rd.",Mexico,Auvergne,8.0,8.5,K9H 1U4
Iliana Drake,1-337-234-3995,erat@yahoo.net,Ap #443-1001 Arcu. Av.,Spain,Noord Holland,2.0,7.165,G8J 5R4
Ina Kane,(454) 547-9988,et.euismod@outlook.ca,Ap #127-2545 Mauris St.,Colombia,Andalucía,2.0,8.285,J9B 9S5
Kathleen Brooks,1-844-433-7608,enim.suspendisse@icloud.net,"282-1940 Ante, St.",Singapore,Free State,13.0,8.696,U1U 7J3
Julie Ellis,1-352-486-7085,enim.nunc.ut@hotmail.org,"P.O. Box 812, 6484 Non, Rd.",France,Luhansk oblast,15.0,6.638,F6H 9T3
Stewart Perry,(448) 534-2551,turpis@yahoo.ca,"139-5320 Dui, Street",Indonesia,Adana,9.0,9.066,W6F 5R7
Leonard Knight,(558) 553-9246,neque.in@icloud.com,Ap #398-6964 Vel Ave,Ukraine,Castilla - La Mancha,10.0,7.444,D7P 7Y8
Iola Gaines,(132) 875-7796,aliquam.auctor@google.com,671-8308 Pede St.,Austria,Basse-Normandie,12.0,7.698,C7V 5H1
Lucas Buckner,1-832-864-2502,donec.fringilla@icloud.couk,Ap #711-4548 Nibh. Avenue,Australia,Huádōng,14.0,6.237,X4E 6E9
Giselle Wong,(482) 311-7076,mauris.vestibulum@outlook.org,Ap #747-8253 Fermentum Av.,Netherlands,Oaxaca,14.0,8.506,Y7J 5L2
Amanda James,(367) 212-3807,risus@aol.edu,6522 Vitae Rd.,Vietnam,Upper Austria,10.0,6.7090000000000005,G0B 8O0
Reagan Payne,1-436-355-0667,vivamus.euismod@protonmail.org,601-7326 Sagittis. Street,Philippines,Kirov Oblast,7.0,5.529,S7L 1L6
Gareth Calhoun,1-460-236-7146,fermentum.metus.aenean@outlook.ca,Ap #651-7398 Libero St.,Mexico,Opolskie,11.0,9.014,B7X 2H8
Edward Schroeder,1-727-265-7852,imperdiet.nec.leo@google.couk,Ap #417-6976 Erat Road,Brazil,Rogaland,13.0,9.117,G1N 0Y2
Nathan House,1-562-811-5466,dolor.tempus.non@icloud.ca,"5602 Nec, Avenue",Indonesia,Piemonte,14.0,9.818,P2X 5V1
Henry Ballard,(743) 702-7831,sed.molestie@hotmail.edu,"7344 At, St.",India,O'Higgins,7.0,5.3340000000000005,O2J 5H2
Kyla Mullins,1-243-370-0802,taciti.sociosqu.ad@yahoo.com,5098 Et St.,Austria,Agder,7.0,9.157,B8D 7O4
Alana Vaughan,(336) 161-0136,dictum@protonmail.com,307-5764 Risus St.,Spain,San José,5.0,6.103,U6F 2B7
Felicia Taylor,(424) 240-2818,mauris.suspendisse.aliquet@protonmail.couk,Ap #637-4039 Mus. Avenue,United States,Burgenland,3.0,8.794,T5B 5B5
Uriel Fuller,1-471-248-2583,netus.et@hotmail.edu,Ap #600-4117 Lobortis Rd.,Italy,Los Lagos,14.0,8.026,I9W 8P6
Kai Blankenship,1-951-425-7915,id.nunc@google.couk,Ap #716-2724 Sed Rd.,Canada,South Island,5.0,9.744,S6N 5X5
Uma Murray,1-255-289-4768,sed.orci@outlook.net,1232 Duis St.,Ukraine,Caraga,10.0,5.672,P7Q 1D5
Elvis Whitley,1-674-564-9551,morbi.quis@icloud.org,Ap #362-6772 Orci. Rd.,South Korea,Limpopo,2.0,8.874,A2Y 2V7
Britanni Wynn,1-345-461-7174,sapien@aol.couk,Ap #173-8190 Bibendum Street,Belgium,Canarias,7.0,6.390000000000001,O4B 2K7
Lance Anthony,(847) 753-4543,lacus.quisque@icloud.edu,891-6032 At Rd.,Mexico,South Island,5.0,5.696,H5I 1K2
Grady Hoffman,(448) 458-8781,dui.augue.eu@outlook.ca,415-5503 Dolor. St.,Russian Federation,Coahuila,9.0,9.047,E6H 0B6
Beau Lawson,(278) 231-5455,vehicula.pellentesque@outlook.edu,2454 Dignissim Avenue,Indonesia,Picardie,3.0,9.119,O1G 8F8
Keefe Ware,(520) 748-5110,sed.sem.egestas@aol.ca,Ap #864-437 Phasellus St.,New Zealand,East Region,7.0,9.492,T1T 2L0
Jesse Payne,1-987-408-6633,elit.curabitur@aol.org,"Ap #980-5973 Eu, Rd.",Ireland,Oslo,6.0,6.178,H1Q 8D8
Colt Lynn,1-474-282-6774,et.risus@hotmail.edu,406-7019 Pretium St.,Vietnam,Massachusetts,6.0,8.951,Q2Y 7J3
Freya Moore,(565) 538-0238,felis.orci@google.net,248-4082 Aliquet. Avenue,India,Lambayeque,6.0,7.4750000000000005,I5S 4I9
Tana Slater,(685) 921-4836,sed.malesuada@icloud.ca,916-2315 Hymenaeos. Road,Mexico,Minnesota,15.0,9.336,B6B 8L1
Dai Flynn,(611) 553-6178,eget.venenatis@google.ca,855 Nulla Rd.,Canada,Caraga,10.0,7.672000000000001,A9D 9V8
Pearl Blankenship,(458) 686-0014,cum.sociis.natoque@hotmail.ca,333-2792 Arcu. Rd.,South Korea,San Luis Potosí,6.0,6.9110000000000005,I2W 4N8
Remedios Reese,(815) 684-4830,eu.elit.nulla@google.net,651-5005 Inceptos Avenue,Mexico,Caraga,4.0,9.99,Y3X 4Q7
Noah Joyce,1-837-384-8187,a.malesuada@google.ca,Ap #101-829 Lacus. Av.,Peru,Magallanes y Antártica Chilena,11.0,9.998,I6M 8O1
Jelani Barton,(423) 665-4768,nam.consequat.dolor@google.org,5251 Nascetur Avenue,New Zealand,Moscow City,11.0,8.353,P1C 6C0
Oren Nolan,(618) 452-5863,mi.duis@aol.edu,Ap #216-2067 Eros. Rd.,United Kingdom,Sinaloa,7.0,5.492,W6Z 4E8
Emerald Bernard,1-252-861-1701,hymenaeos.mauris.ut@aol.org,Ap #828-3571 Nulla Street,Italy,Cherkasy oblast,9.0,5.535,K3K 2S6
Robert Melendez,(444) 755-7553,tempor.lorem.eget@aol.net,874-7774 Auctor Rd.,Belgium,Arica y Parinacota,7.0,5.166,P7M 0Z7
Winter Strong,(826) 737-4480,sit@google.com,Ap #727-8822 Donec Rd.,Italy,North Sulawesi,13.0,9.977,H3B 8E8
Ariel Stanton,1-873-804-0493,neque.morbi.quis@protonmail.com,Ap #837-2882 Gravida St.,United States,Sindh,8.0,6.843,E2F 5H6
Deacon Reilly,1-449-756-7025,dictum.magna@icloud.com,"413-7023 Id, Avenue",Italy,Overijssel,6.0,7.1690000000000005,M3R 0Q3
Lysandra Tyler,(650) 685-6511,pede.nec.ante@google.ca,Ap #361-5667 Nullam Road,Pakistan,Vestland,12.0,7.242,C0F 1T2
Harriet Reed,1-237-686-4335,aliquam.vulputate.ullamcorper@icloud.ca,852-5727 Tempor Avenue,Russian Federation,Henegouwen,9.0,5.191,N1A 2H4
Cara Mendoza,1-865-359-8632,consequat.dolor.vitae@google.org,"P.O. Box 560, 2948 Aliquam Rd.",Brazil,Oklahoma,2.0,5.369,K7O 6E1
Preston Chan,1-432-170-8114,cras.vehicula@icloud.org,Ap #765-2209 Congue Ave,Austria,Heredia,3.0,9.687,D5B 2K0
Joshua Ford,(858) 572-6573,mollis.non@icloud.org,"P.O. Box 198, 3111 Adipiscing. Ave",Australia,Luxemburg,14.0,9.218,T2S 3Y9
Kibo Pierce,(478) 435-9589,enim.etiam.imperdiet@icloud.com,480-4081 Interdum Rd.,Ukraine,Murcia,5.0,6.747,Z2A 1P2
Abdul Jackson,(524) 393-0058,in.felis@yahoo.couk,"P.O. Box 972, 211 Pretium Av.",Pakistan,South Chungcheong,8.0,7.033,S3P 6W8
Lester Lynch,1-878-495-2804,felis@google.ca,177-5127 Vitae Av.,Australia,Xīběi,3.0,9.657,M7B 7I2
Lamar Hartman,(938) 504-8257,dignissim@google.edu,"257-4211 Posuere, Street",United States,Bayern,11.0,8.072000000000001,A2K 3T8
Brendan Hogan,1-592-873-2933,cum.sociis.natoque@yahoo.ca,788-7992 Pede. Street,Pakistan,Principado de Asturias,6.0,9.186,O4E 2B0
Ralph Ball,(679) 374-4596,quis.diam@aol.couk,Ap #137-2468 Justo St.,Australia,Carinthia,5.0,7.051,M6K 6I3
Janna Russo,(778) 844-1472,accumsan.sed@icloud.net,"P.O. Box 677, 6446 Nunc Rd.",Austria,Melilla,1.0,8.876,E9J 1E4
Latifah Jimenez,(731) 834-8772,elit.pede.malesuada@outlook.couk,"P.O. Box 327, 3974 Pede Street",Belgium,Andalucía,7.0,7.995,R0F 6U8
Ray Valencia,1-596-976-8560,metus.vivamus.euismod@yahoo.org,8880 Elit. Street,Ukraine,Huádōng,9.0,7.88,X3R 4I7
Rebekah Lewis,1-572-826-1818,ante.dictum@hotmail.com,3845 Suspendisse Street,Philippines,Western Cape,2.0,8.953,X3X 8T1
Pearl Sweet,(743) 456-9046,mi.tempor@icloud.ca,330-3470 Leo. Avenue,Philippines,Jönköpings län,9.0,5.675,B8Q 5D3
Yael Perez,1-275-365-5323,amet.consectetuer@aol.ca,"P.O. Box 804, 2824 Euismod Rd.",Brazil,San José,6.0,5.463,L1J 1E3
Armando Newman,(674) 521-7728,nisl@protonmail.net,Ap #263-244 Orci. St.,Austria,Kharkiv oblast,14.0,5.892,W2L 1C4
Kim Mcdonald,1-882-487-0368,aenean.eget@protonmail.couk,179-7894 Blandit Av.,Norway,Punjab,8.0,8.304,K2K 9U2
Hayfa Olsen,(564) 605-9718,orci@outlook.edu,Ap #302-268 Tincidunt Av.,Italy,Bahia,10.0,6.907,M6U 6Z9
Maggie Hanson,(581) 346-7267,dolor.fusce.feugiat@icloud.com,Ap #780-6794 Ipsum. Rd.,Germany,Xīnán,9.0,9.596,L3R 4K5
Derek Holman,1-337-438-8751,nulla@outlook.net,895-7992 Nulla. Street,India,Zaporizhzhia oblast,7.0,6.5360000000000005,U9W 2G5
Kuame Hammond,(345) 143-2783,aliquam.ornare.libero@aol.ca,"P.O. Box 640, 1571 Lorem Street",Chile,Khánh Hòa,12.0,5.6530000000000005,H3F 8I5
Kristen Barrera,(195) 155-3602,varius.et@yahoo.couk,Ap #331-2188 Vitae Av.,Chile,Nordland,5.0,6.301,Y7I 6J2
Michelle Decker,1-717-857-1369,turpis.aliquam.adipiscing@icloud.couk,Ap #990-6302 Nec St.,Colombia,Imo,14.0,5.641,U4Q 1B4
Amanda Briggs,(715) 733-2067,lacus.mauris.non@google.ca,259-8296 A Ave,South Africa,Nord-Pas-de-Calais,4.0,5.783,B7O 5M8
Rogan Dunn,1-718-352-7887,egestas@icloud.edu,1935 Rutrum St.,India,Van,6.0,8.064,M4F 5C8
Maya O'donnell,1-322-606-0485,fringilla.euismod.enim@hotmail.couk,"P.O. Box 944, 9234 Egestas. Road",Mexico,Madhya Pradesh,5.0,7.663,N4H 2M1
Zoe Lane,(218) 573-2778,nascetur.ridiculus@yahoo.ca,Ap #484-2494 Ipsum. Street,Vietnam,Rivers,14.0,9.282,O6G 2E4
Cathleen Mclaughlin,(568) 205-7478,vivamus.non@outlook.couk,494-1824 Vitae Ave,Germany,Cajamarca,2.0,9.684000000000001,P6Y 9D8
Nyssa Cannon,1-360-810-3240,donec.non.justo@yahoo.ca,8585 Dis St.,Singapore,Madrid,2.0,5.565,E0B 7H9
Uriah Casey,(231) 393-7510,sed.facilisis@hotmail.ca,8127 Massa St.,Nigeria,Calabria,4.0,6.803,R6O 3R3
Armando Guerrero,(361) 578-8589,aliquam@google.ca,Ap #779-9918 Libero Avenue,Nigeria,La Rioja,10.0,6.008,W8X 8R9
Rae Patton,1-232-998-3662,ut.cursus@aol.couk,Ap #313-4992 Massa. St.,Poland,Cajamarca,10.0,6.338,T2S 3J9
Barclay Slater,1-966-486-6605,hendrerit.neque.in@icloud.net,5979 Velit Ave,Peru,Ulster,6.0,7.319,S9C 2V6
Melissa Burgess,(378) 875-6085,odio@protonmail.org,5751 Nullam Street,United Kingdom,Chhattisgarh,11.0,5.425,T5T 8R4
Mallory Galloway,(848) 723-6562,eleifend@icloud.edu,559-8791 Dui. Rd.,Singapore,Trøndelag,12.0,8.8,M8D 5T5
Delilah Conley,1-994-887-1511,dictum.phasellus@protonmail.ca,Ap #930-2817 Aenean Rd.,South Africa,Victoria,3.0,7.99,J7N 4X4
Cedric Duran,1-858-215-9855,rutrum@icloud.edu,"444-2049 Amet, Rd.",South Korea,Dalarnas län,5.0,7.793,M2G 4K7
Courtney Stuart,(795) 736-3587,nunc@google.edu,2826 Dui. Ave,South Africa,Konya,13.0,8.098,X8R 0A9
Daphne Shaffer,(937) 406-4296,auctor@google.ca,301-371 Nullam Rd.,Brazil,Michigan,14.0,5.738,T1U 6I1
Margaret Guerrero,(230) 448-1667,in.ornare.sagittis@google.couk,Ap #505-4463 Nec Av.,Netherlands,Veracruz,1.0,7.157,T2D 6D8
Channing Jarvis,(298) 775-3267,tristique.ac@aol.edu,Ap #538-5801 Habitant Ave,France,Jalisco,12.0,5.825,A3X 5K6
Carlos Compton,(569) 154-6855,fusce.fermentum.fermentum@yahoo.net,906-8958 Lobortis Avenue,South Africa,Herefordshire,7.0,5.096,P6Q 3B8
Lynn Hayes,1-360-581-4805,risus.morbi.metus@hotmail.com,"P.O. Box 344, 6587 Mi, St.",Singapore,Northern Territory,11.0,8.816,E8H 1O2
Brianna Hurley,(751) 773-7510,morbi.quis.urna@google.net,730-475 Morbi Ave,Indonesia,Nord-Pas-de-Calais,5.0,9.427,O3K 0O8
Fay Martin,1-961-614-5201,est@aol.ca,Ap #682-6046 Lacus Road,South Africa,North Island,10.0,7.441,D8O 3D3
Eleanor Boyer,1-216-541-4855,vel.arcu@outlook.edu,"P.O. Box 744, 4812 Tortor St.",Canada,North Maluku,12.0,6.533,I6K 9P1
Stephen Beach,1-562-753-6136,magnis.dis.parturient@google.com,749-2906 Sagittis. Rd.,Chile,Cornwall,6.0,8.329,X5E 8R6
Kenneth Bright,(761) 931-5396,lacinia.orci@hotmail.ca,"P.O. Box 180, 8227 Et Ave",Norway,Gyeonggi,2.0,7.765000000000001,P8X 1N1
Erica Cantu,1-777-377-2385,lectus.sit.amet@yahoo.com,128-5883 Senectus Avenue,Indonesia,Valle d'Aosta,4.0,8.066,Q5Y 2J3
Jaden Daniel,1-452-991-7267,morbi.metus@protonmail.com,775-1059 Tempor Rd.,Philippines,Sóc Trăng,13.0,9.075000000000001,V0S 7S3
Debra Curtis,(529) 925-6751,orci.phasellus@icloud.net,Ap #102-7011 Arcu. Ave,Australia,Ulster,15.0,6.2490000000000006,J6L 6P5
Jelani York,(713) 251-5185,sodales.elit.erat@google.com,Ap #943-7791 Sit Rd.,Ireland,Nordland,9.0,7.595,W3O 5C1
Grant Calderon,1-890-494-5463,penatibus.et@icloud.couk,160-8747 Ante Street,Austria,Querétaro,13.0,6.835,I1Z 0X5
Plato Walsh,1-414-453-2323,tellus.imperdiet@icloud.couk,"P.O. Box 322, 8646 Vitae, Road",Germany,Volyn oblast,7.0,6.235,A5G 6D2
Wallace Haley,1-574-712-6555,nec.urna.et@aol.org,105-7046 Donec St.,China,Flevoland,13.0,8.891,Y0L 3M3
Amity Peck,1-133-535-3364,mollis.nec@hotmail.com,Ap #980-5430 Pretium St.,Brazil,Azad Kashmir,8.0,7.336,U6T 3H1
Stella Bean,(825) 477-4796,ligula.tortor.dictum@protonmail.edu,"P.O. Box 435, 1441 Nisi. St.",Russian Federation,Alajuela,8.0,5.457,T1I 1R4
Francis May,1-386-724-3296,sollicitudin.adipiscing@yahoo.net,844-3730 Mauris St.,New Zealand,Gauteng,8.0,8.17,E7V 0L6
Kaseem Fernandez,(165) 871-7525,vel.venenatis@outlook.ca,Ap #213-3838 Ante Street,Nigeria,North Island,7.0,6.445,E3M 1S9
Kylie Benson,1-267-735-6529,dui.nec@aol.net,911-8798 Dignissim Street,Chile,Special Region of Yogyakarta,12.0,5.9270000000000005,L0S 5Q1
Erasmus Park,(861) 432-5401,amet.consectetuer@icloud.edu,Ap #713-3177 Erat. Street,Philippines,Cartago,9.0,9.07,O8Q 9Y3
Hedy Patterson,(622) 764-7761,phasellus@protonmail.net,569-3887 Sem St.,Peru,Jigawa,14.0,9.984,G5G 1T2
Avram Wells,(939) 915-8044,nam.porttitor@google.org,Ap #508-4822 Vestibulum Street,Singapore,Baden Württemberg,2.0,8.493,S0V 1W1
Darius Frazier,1-451-814-7555,sit.amet@yahoo.org,"P.O. Box 800, 4467 Orci. Avenue",Nigeria,Western Visayas,11.0,5.297,V3E 4N1
Wylie Miranda,1-748-660-0183,elit.pharetra@protonmail.net,451-8840 Lectus. St.,Norway,Luxemburg,15.0,8.734,V6S 5M8
Moses Justice,(213) 361-4355,vulputate.lacus@yahoo.com,Ap #131-134 Malesuada St.,Austria,Hà Tĩnh,3.0,6.486,X6X 3T1
Rashad Davidson,1-602-595-8514,est.mauris.eu@google.org,Ap #882-4938 Erat Ave,Pakistan,Castilla y León,6.0,7.074,I5K 6S3
Ferdinand Roberson,(277) 410-1513,nunc.id@outlook.couk,2095 Elit Street,Costa Rica,North Gyeongsang,6.0,7.156000000000001,C6T 7G6
Alan Cross,(628) 444-4667,euismod.est@yahoo.org,256-9436 Duis Rd.,Netherlands,Connacht,2.0,6.149,O4W 2S4
Igor Buckley,1-502-836-4141,pellentesque@icloud.edu,149-252 Orci. Road,Russian Federation,Western Visayas,6.0,5.746,G4E 7O1
Freya Mcgowan,1-645-538-8843,at.sem@outlook.edu,311-1780 Donec Ave,Sweden,Puno,7.0,7.4,R9H 5H2
Amber Parrish,1-552-505-8228,sagittis.augue@hotmail.org,262-1463 Vitae St.,Netherlands,Dalarnas län,4.0,9.231,P3B 8L6
Travis Munoz,1-254-527-1051,in.faucibus@hotmail.edu,8114 Fringilla St.,Indonesia,Leinster,3.0,8.622,C6H 1N6
Naida Cotton,(491) 955-9625,porta.elit@aol.couk,856-8974 Mauris Street,Indonesia,Eastern Visayas,1.0,5.446,F1X 6R3
Gloria Serrano,(724) 773-8137,non.ante.bibendum@protonmail.org,Ap #769-6375 Posuere Rd.,United Kingdom,North Island,13.0,7.978,U5V 0V4
Ella Alston,(738) 243-6135,iaculis.nec@icloud.org,Ap #438-5062 Enim. Avenue,Vietnam,Yên Bái,6.0,9.507,X7P 1M3
Henry Hurst,(541) 878-9478,nulla.donec.non@aol.couk,1131 Felis Rd.,Australia,Gorontalo,13.0,8.513,U5B 4E2
Kane Cline,1-119-532-3775,vel.arcu.eu@hotmail.couk,155-3137 Molestie Street,India,Borno,7.0,7.377,Y1Y 1R9
Kay Gibbs,(460) 558-4447,diam.at@protonmail.net,256-626 Vulputate Av.,Colombia,South Island,3.0,6.784,J9H 9H8
Austin Day,(965) 841-0898,rutrum@aol.com,Ap #879-4581 Nulla St.,Norway,Calabria,6.0,7.972,M1V 3Q4
Fay Mccray,(761) 853-3935,vestibulum.accumsan@google.edu,Ap #509-9092 Viverra. Road,Costa Rica,West Nusa Tenggara,2.0,7.3740000000000006,N5L 7N0
Althea Conley,(682) 446-7245,aenean.sed@google.com,254-9185 In Street,Turkey,Vladimir Oblast,1.0,6.418,D3B 1U1
Darius Morgan,(851) 406-5835,facilisi.sed@outlook.couk,"Ap #359-911 Amet, St.",Ireland,Lâm Đồng,7.0,8.968,H8K 1F3
Amery Bass,1-712-537-9436,sed.turpis@aol.com,200-7175 Consectetuer Rd.,Vietnam,Munster,14.0,6.804,E8L 8K3
Kellie Morse,(287) 412-8777,sagittis@outlook.net,Ap #239-7960 Feugiat. Rd.,New Zealand,North Island,10.0,8.979000000000001,Q7Y 1I2
Blythe Bright,(751) 419-3432,nibh.enim@outlook.ca,232-605 Phasellus Street,Ukraine,Niedersachsen,7.0,9.568,J2V 2K7
Naomi Mcfadden,1-315-480-6745,mi@protonmail.org,Ap #589-977 Ipsum. Av.,France,Molise,8.0,9.212,P0T 3L5
Aristotle Thompson,1-427-417-5860,eu@google.ca,8809 Odio St.,Spain,Leicestershire,9.0,9.713000000000001,C0J 5H0
Kylynn Blackburn,(881) 325-6123,vitae.orci@protonmail.edu,Ap #276-1032 Donec Rd.,New Zealand,Maluku,4.0,7.869,E2E 2F8
Harding Mercer,1-874-663-2366,donec@aol.com,312 Consectetuer Road,Indonesia,Małopolskie,7.0,7.072,F1H 5G8
Richard Sykes,1-182-703-5379,neque.morbi@icloud.ca,346-7762 Metus St.,Colombia,İzmir,12.0,9.912,E5Y 4Q0
Hanna Boone,1-638-263-6965,etiam.gravida@aol.edu,Ap #200-1427 Vulputate Rd.,Italy,Samara Oblast,8.0,7.069,Y2C 4U6
Melodie Moss,(655) 824-1733,varius.et.euismod@aol.com,590-5724 Leo. Av.,Turkey,Noord Brabant,6.0,7.34,K6T 2Y8
Alden Franks,(893) 683-3324,fermentum@protonmail.com,666-9798 Dui Av.,Belgium,Cantabria,5.0,8.973,X1E 1X9
Daniel Berg,1-937-955-0869,cursus.vestibulum@outlook.couk,Ap #461-8524 Egestas Avenue,Turkey,Jeju,3.0,9.609,J1O 5X3
Jorden Nguyen,(631) 808-7336,magna.duis@yahoo.edu,"P.O. Box 562, 1365 Dolor Street",Peru,Niger,14.0,7.344,Y9I 6G7
Carlos Reeves,1-547-239-2356,rutrum.justo.praesent@icloud.com,383-7595 Elit. Street,Costa Rica,Veracruz,9.0,5.529,T3C 9T0
Astra Nielsen,1-381-824-0445,purus.duis.elementum@yahoo.org,"P.O. Box 708, 4589 Mattis St.",Mexico,Western Cape,7.0,8.427,C4K 9H0
Philip Joyce,(746) 637-5155,neque.nullam.ut@google.org,"Ap #669-8777 Elit, St.",Singapore,Dōngběi,12.0,9.246,B0H 9I8
Pascale Bowen,1-612-453-1638,sodales.mauris@yahoo.couk,Ap #618-9244 Vulputate Rd.,South Africa,National Capital Region,1.0,8.616,X6D 3Z1
Ariana Thomas,1-772-952-7806,tempus.non.lacinia@protonmail.com,8249 Vitae Av.,United States,Ogun,11.0,9.593,F5L 5Q3
Dean Roy,(218) 591-4352,curabitur.sed.tortor@aol.couk,Ap #279-5440 Vestibulum Ave,Philippines,Pernambuco,9.0,8.006,Q8X 6D5
Maite Beach,(357) 882-0825,sagittis.felis.donec@outlook.com,Ap #919-2010 Ac Av.,Turkey,Kaluga Oblast,3.0,6.238,T3B 1Y8
Brielle Dawson,1-542-774-7324,vivamus.euismod@hotmail.net,2617 Donec St.,France,Southwestern Tagalog Region,9.0,5.755,B8V 1P3
Gillian Mcdowell,(221) 647-7132,lectus.a@hotmail.org,3970 Diam St.,Italy,Ulster,5.0,6.909,F8D 5T6
Vernon Stark,1-349-609-4400,adipiscing.elit@outlook.org,"Ap #525-4003 Posuere, St.",Australia,West-Vlaanderen,11.0,7.551,E6Y 8P8
Fletcher Sullivan,1-686-581-4446,blandit.mattis.cras@yahoo.org,136-8489 Egestas. Ave,Philippines,Rivne oblast,12.0,8.295,I4J 5T5
Rajah Reyes,1-593-860-5662,metus@aol.ca,"P.O. Box 275, 3133 Eu Av.",Turkey,Chocó,6.0,8.618,V6R 4E6
Erasmus Saunders,(625) 257-3090,eget.varius@icloud.com,2697 Erat. Ave,Austria,Puntarenas,14.0,7.769,R5R 1Q8
Alea Sherman,(618) 564-2548,vitae.purus@hotmail.com,789-7309 Magna. Av.,Germany,Sokoto,7.0,7.772,L2W 7U3
Kadeem Hampton,(774) 782-8881,quis.massa.mauris@yahoo.org,359-2503 Sociis Rd.,Pakistan,Hatay,12.0,7.833,O1I 6E6
Nehru Henry,1-347-463-2833,est.ac.facilisis@outlook.com,3448 Eu Street,India,Styria,4.0,8.139,V0Y 3J6
Maxine Burnett,(987) 283-7614,mauris@icloud.com,746-6912 Metus Av.,Peru,Metropolitana de Santiago,2.0,6.44,P1X 8M6
Chadwick Delaney,1-369-578-4527,malesuada.fames.ac@icloud.ca,957-7327 Hendrerit Ave,Ireland,Huádōng,14.0,8.532,O2U 7U3
Rudyard Moon,(222) 847-8961,mauris@aol.edu,171-5605 Risus St.,Belgium,Bayern,3.0,5.8260000000000005,G6X 8K4
Serena Thomas,(327) 883-1552,ut.sem.nulla@hotmail.com,Ap #753-4464 Ante St.,Australia,Perthshire,10.0,6.0680000000000005,I8C 3P3
Nissim Rose,(315) 812-1411,ligula.consectetuer.rhoncus@google.edu,5017 Sed Rd.,South Africa,Khyber Pakhtoonkhwa,5.0,6.26,B4D 1M2
Ahmed Sweet,1-318-742-4422,conubia.nostra@google.org,Ap #578-3078 Auctor St.,Russian Federation,Ryazan Oblast,7.0,7.2860000000000005,A2R 2G7
Veronica Dudley,(418) 574-6126,massa.vestibulum.accumsan@aol.ca,7814 Enim Road,South Korea,KwaZulu-Natal,6.0,7.1290000000000004,I5T 8I1
Edan Stein,1-400-806-2634,aliquam.gravida.mauris@outlook.edu,Ap #473-7053 Ultrices. St.,Germany,Sikkim,15.0,8.546,O6G 0Q6
Norman Juarez,1-592-297-5861,eleifend.nunc@google.org,Ap #600-7026 Ornare Rd.,Sweden,Waals-Brabant,3.0,8.370000000000001,O0K 6A7
Rana Conner,(560) 361-3764,vitae.odio@google.net,493-5661 Diam Rd.,New Zealand,Borno,11.0,5.44,Q8E 2H9
Mikayla Cervantes,(837) 553-2572,proin@icloud.couk,530-855 Donec Avenue,Belgium,North Jeolla,12.0,8.298,Z2D 5R8
Rebekah Valentine,(212) 195-3463,integer.aliquam@yahoo.com,604-7889 Morbi Street,Netherlands,North Island,4.0,7.933,Q6O 2I3
Charlotte Woodward,1-511-856-7702,blandit.enim.consequat@yahoo.ca,"724-8219 Ut, Rd.",Sweden,Hải Dương,9.0,5.863,G0F 6K9
Alden Cummings,(115) 611-3965,laoreet@hotmail.ca,754-3279 Erat St.,India,Kano,4.0,8.466,W9U 6S4
Jason Bridges,1-417-407-3817,sodales.at@outlook.org,494 Vitae Rd.,Australia,West Region,12.0,7.601,C1S 5C1
Porter Harding,1-636-442-0431,auctor.nunc@google.com,Ap #457-4751 Ante Rd.,Mexico,Bolívar,4.0,6.236,G1W 7F6
Luke Drake,1-158-994-1718,tristique.senectus@icloud.net,6670 Vestibulum. Av.,Mexico,Central Sulawesi,5.0,7.01,T8E 2C3
Wyoming Ashley,(704) 701-4527,malesuada.vel.convallis@outlook.com,Ap #974-507 Orci Avenue,South Africa,Haute-Normandie,14.0,7.4590000000000005,L4P 8S0
Jeremy Horne,(522) 146-6612,accumsan.neque@icloud.ca,559-2094 Etiam Ave,Poland,Gangwon,9.0,6.779,T7E 8G7
Madeline Barrera,(584) 727-8322,praesent.eu.dui@icloud.ca,2980 Purus St.,Germany,Ancash,14.0,7.4430000000000005,R7G 4I0
Yoshio Morrow,(758) 657-8036,magna.nam@icloud.edu,565-4028 Tincidunt Road,Ireland,Vladimir Oblast,2.0,9.526,B2F 1G1
Kessie Jordan,(441) 423-4331,massa@yahoo.ca,Ap #578-9808 Fermentum Av.,Germany,Indiana,14.0,6.327,M1H 6X0
Angelica House,(583) 662-4644,vehicula.pellentesque@outlook.org,Ap #228-5256 Risus Street,Philippines,Victoria,15.0,7.546,D7M 9Y2
Kirestin Olson,(678) 689-7968,sem.consequat@protonmail.net,8720 Phasellus Street,Mexico,Huáběi,2.0,5.743,C9B 3U3
Sheila Sargent,(677) 846-2821,dapibus.gravida@outlook.edu,Ap #811-556 Lectus Rd.,Vietnam,Paraíba,8.0,6.9270000000000005,X5D 3O0
Kennan Rice,1-884-470-7505,augue.sed.molestie@icloud.com,"P.O. Box 623, 7802 Blandit St.",Ukraine,Jalisco,12.0,5.38,X2U 5U5
Garrett Alford,1-658-683-9843,nec.ligula@protonmail.edu,Ap #916-3152 Consequat Rd.,Canada,Chelyabinsk Oblast,6.0,5.914,L4O 6O9
Byron Rojas,1-878-179-4700,lorem.ipsum@icloud.net,Ap #227-9054 Lobortis. Avenue,Poland,North-East Region,11.0,7.462,M2X 5B6
Stuart Valencia,(558) 506-0420,mollis@yahoo.net,Ap #375-3686 Ligula St.,Netherlands,Caraga,3.0,8.603,F4X 2H1
Abbot Hammond,(844) 620-8954,sodales.elit.erat@hotmail.org,"P.O. Box 539, 3703 Nec Road",Pakistan,Aydın,7.0,6.626,S3E 7E5
Kessie Keith,(887) 583-5117,phasellus.elit.pede@google.com,Ap #614-537 Sed Rd.,Brazil,North Gyeongsang,14.0,5.714,Q5Q 0J6
Lucius Giles,1-234-596-1144,vestibulum.ut.eros@google.edu,"P.O. Box 471, 2213 Vel Street",United Kingdom,Magdalena,9.0,7.977,H7T 6O7
Meghan Holloway,(788) 526-4111,vulputate.risus@icloud.ca,8861 Leo. Rd.,Ukraine,Rutland,13.0,5.7410000000000005,Y5F 1Z7
Galvin Lloyd,1-426-507-1176,egestas@hotmail.com,Ap #967-2105 Fermentum Rd.,Brazil,Rio de Janeiro,14.0,8.123,D9R 3D4
Raymond Stevenson,(816) 752-6387,condimentum.eget@icloud.edu,Ap #915-3572 Vehicula Avenue,Austria,Bình Dương,3.0,8.678,S8F 9P8
Colleen Sexton,(686) 252-3754,odio.semper.cursus@yahoo.edu,404-692 Mauris Av.,China,South Sumatra,9.0,9.82,F5H 4Q6
Tate Sweet,(241) 431-9155,volutpat.nulla.dignissim@outlook.com,2235 Mi Street,Austria,Niedersachsen,12.0,8.698,J2K 2H3
Damian Merritt,(577) 244-1386,vitae@aol.couk,929-2674 Leo. Ave,Poland,West Region,6.0,6.5040000000000004,T1F 2M1
Alexander Pittman,1-946-654-2997,adipiscing.lobortis@outlook.org,787-3005 Nisl St.,Spain,Gävleborgs län,3.0,6.493,W9E 7I6
Octavius Little,(524) 612-8810,lobortis@icloud.com,377-1693 Nunc St.,South Africa,New South Wales,13.0,6.3420000000000005,K4O 7I9
Raphael Nash,(718) 238-1758,nec.ante@aol.couk,"P.O. Box 124, 3335 Tempus Rd.",France,Podkarpackie,3.0,8.998,K3P 8P2
Asher Benton,1-625-482-7032,non.justo@aol.edu,Ap #496-9827 Ac Avenue,Poland,Ivanovo Oblast,5.0,5.961,M3B 8G8
Ishmael Frederick,1-657-969-8107,purus.sapien.gravida@google.ca,979-886 Placerat Road,Singapore,Atacama,12.0,8.079,K1Z 3W7
Deirdre Stevenson,(646) 656-8721,morbi.tristique.senectus@protonmail.edu,348-2059 Risus St.,South Korea,Ogun,4.0,9.981,V2Q 6C4
Rinah Duran,(333) 177-8448,vehicula@aol.org,Ap #263-3392 Dignissim St.,United Kingdom,South Sumatra,9.0,7.1080000000000005,D1P 4O1
Keegan Pittman,1-763-443-4586,lobortis@aol.net,8082 Lacus. Road,Germany,Sindh,11.0,8.904,K1N 3W7
Blythe Michael,1-575-202-1232,amet.consectetuer.adipiscing@yahoo.org,6789 Ac St.,United States,Sicilia,11.0,5.924,R8L 2S0
Meghan Ingram,(981) 557-8626,tempor.augue@hotmail.ca,877 Risus. Av.,South Korea,Western Australia,4.0,5.386,X8P 8D7
Ulric Weeks,1-328-235-3169,bibendum.ullamcorper.duis@outlook.org,5527 Taciti Ave,Norway,Victoria,14.0,8.564,V6T 0E3
Dylan Murray,1-544-777-5173,metus.in@aol.edu,"Ap #985-4735 Amet, Ave",Mexico,Berlin,10.0,8.611,J4O 7V1
Cruz Hawkins,1-767-816-7582,non.enim@protonmail.org,Ap #946-8562 Suspendisse Ave,Mexico,Wyoming,15.0,6.831,D7C 1D3
Seth Barr,1-774-913-4360,nec.mauris@google.couk,"P.O. Box 538, 1267 Id, Road",Spain,Quindío,5.0,9.324,X5U 8T4
Shaine Hyde,(746) 976-5462,maecenas.ornare.egestas@aol.ca,6124 Neque Road,Netherlands,Santander,13.0,7.757000000000001,G3S 6O8
Kelly Hawkins,(829) 862-5188,molestie.tortor.nibh@icloud.org,Ap #545-1530 Aliquet St.,France,Kemerovo Oblast,14.0,8.616,G3A 8G7
Olga Higgins,(573) 542-9146,auctor@protonmail.ca,3846 Sodales Street,Italy,Cartago,12.0,9.793000000000001,Y1H 9M1
Fritz Walters,(581) 282-1547,malesuada.vel@protonmail.org,5576 Sagittis Rd.,Poland,Connacht,11.0,6.12,V3T 7F6
Bert Sullivan,1-645-332-7445,ornare.in.faucibus@icloud.com,Ap #648-8156 Consectetuer Street,Italy,Languedoc-Roussillon,10.0,6.821,H8V 2H0
Nora Petty,1-365-151-2363,tortor@protonmail.edu,Ap #301-9471 Urna. Avenue,Ireland,Champagne-Ardenne,11.0,9.413,N4I 1X1
Wang Calderon,(873) 578-0346,ultrices.posuere@protonmail.net,Ap #841-7724 Mauris Rd.,China,Hawaii,13.0,6.223,U6X 1P8
Lilah Rivers,(612) 346-6885,vitae.aliquet@aol.net,"Ap #310-9805 Pede, Avenue",Indonesia,Northern Territory,10.0,7.71,G3W 9Y2
Matthew Lopez,(488) 806-7650,velit@outlook.org,"9248 Aliquet, St.",Spain,Västra Götalands län,12.0,9.059000000000001,Q2P 4R8
Maya Logan,1-281-718-0722,etiam.ligula@aol.net,"P.O. Box 555, 3334 Non, Road",France,Marche,5.0,8.423,H3T 7X3
Jade Ware,(688) 188-4793,feugiat.tellus@icloud.net,Ap #646-7024 Malesuada St.,Spain,Norfolk,9.0,8.183,I7L 8H3
Yen Sweeney,(395) 219-2488,quis.tristique@icloud.couk,266-3750 Egestas. St.,Turkey,Vlaams-Brabant,9.0,7.339,F8W 3K6
Dahlia Burks,(787) 476-2488,neque.pellentesque@icloud.net,"P.O. Box 328, 6413 Magna, Ave",Ireland,Tasmania,2.0,9.491,N3N 8I0
Ariel Martin,(848) 647-8709,neque@yahoo.ca,786-6673 Elit. Ave,Netherlands,Tver Oblast,1.0,6.776,U1K 3N0
Alexis Workman,(950) 513-9970,orci@google.couk,106-1318 Vel Ave,Colombia,Wielkopolskie,7.0,8.505,K6F 7G0
Sacha Conley,1-580-268-1828,ullamcorper.duis@protonmail.org,2592 Molestie Rd.,Russian Federation,Bayern,13.0,8.157,H5X 2O4
Zephania Valenzuela,1-258-110-3396,a.nunc@hotmail.com,6287 Integer St.,Austria,Nordrhein-Westphalen,10.0,9.238,P4S 8W2
Gray Mills,1-465-653-2386,a.dui.cras@icloud.couk,"P.O. Box 849, 1028 Nonummy Road",Mexico,Huila,1.0,5.74,K6Z 7H0
Amela Sherman,1-809-932-1939,diam.sed.diam@hotmail.org,412-8724 Duis St.,Pakistan,National Capital Region,1.0,7.12,A4L 8Z7
Hamilton Melton,(217) 350-5827,tincidunt.nibh@protonmail.ca,Ap #798-7562 Sit Rd.,Poland,Tyrol,10.0,5.76,I3T 1K3
Gwendolyn Munoz,(527) 426-0678,fringilla.donec.feugiat@aol.ca,"P.O. Box 278, 6497 Montes, St.",India,Rheinland-Pfalz,15.0,8.666,H4C 7M7
Naida Small,1-667-414-8667,nulla.tincidunt@hotmail.couk,"P.O. Box 261, 4821 Integer Ave",Pakistan,Zachodniopomorskie,4.0,8.894,J1T 5O9
Gregory Brennan,(549) 464-1575,aliquet@aol.ca,8312 Eu Rd.,Mexico,Rutland,8.0,8.455,F7K 1V3
Berk Good,(305) 526-6585,mi.fringilla@protonmail.org,"667-5247 Aliquam, Street",Russian Federation,New South Wales,14.0,7.48,Q9H 6G3
Rose Cash,(687) 766-2635,vestibulum.ante.ipsum@aol.couk,Ap #904-1992 Auctor Street,Peru,Mazowieckie,8.0,7.814,M2X 7I2
Murphy Good,1-785-752-9075,quam.vel@aol.org,Ap #544-2264 Metus. Ave,Belgium,Cundinamarca,2.0,6.953,I6Q 3Q8
Jessamine Johnson,1-511-627-6730,dolor@hotmail.net,Ap #547-3609 Luctus. Rd.,Peru,Guainía,8.0,7.367,U7M 2S4
Aphrodite Porter,1-607-521-6566,feugiat.tellus@hotmail.ca,Ap #739-8517 Mauris Rd.,Vietnam,Connacht,4.0,5.8790000000000004,P2W 8F8
Keely Forbes,1-484-528-3413,sit.amet@outlook.org,645-4239 Etiam Road,Peru,Ancash,9.0,7.421,F8Y 1B6
Keefe Mcdonald,1-544-574-1624,rhoncus@aol.net,282-2677 Ipsum St.,Peru,Pernambuco,2.0,8.791,P7R 8P0
Hilel Owens,(611) 388-6853,elementum.dui@outlook.ca,517-4688 Diam Rd.,Canada,Distrito Capital,15.0,5.249,B3V 2L0
Serina Kidd,(825) 351-8878,aenean@hotmail.org,961-1939 Quis Street,Colombia,Putumayo,1.0,5.8580000000000005,C5L 2R3
Uriel Frazier,1-927-282-2468,eget.metus.in@icloud.couk,2618 Orci Rd.,Vietnam,Mersin,12.0,7.724,K5S 5L7
Katelyn Conrad,1-852-286-3350,sociis.natoque@hotmail.couk,7144 Vulputate Rd.,Chile,Puno,13.0,9.497,S2P 7T8
Kennan Cleveland,(735) 623-3037,vehicula@outlook.com,"P.O. Box 508, 4070 Nec, Rd.",Norway,Khyber Pakhtoonkhwa,6.0,8.551,O0X 6B3
Alexandra Rodriguez,1-437-882-6628,massa.rutrum@hotmail.com,"Ap #786-9326 Ullamcorper, St.",Colombia,Piemonte,1.0,7.746,Y8G 3T0
Evelyn Beach,(322) 463-0315,rutrum.non@outlook.com,"P.O. Box 242, 8675 Purus, St.",Brazil,Rio de Janeiro,10.0,7.1370000000000005,N1X 5J3
Graham Hendricks,(939) 768-5691,tincidunt@hotmail.couk,"Ap #939-4778 Tortor, Avenue",Ukraine,Maule,1.0,8.006,V3B 1L5
Ross Grant,(376) 516-4989,enim.curabitur@hotmail.couk,"P.O. Box 609, 6778 Ipsum. Road",Brazil,Toscana,9.0,6.298,W0G 6A1
Griffin Hurst,(486) 371-3538,lorem.donec@protonmail.net,Ap #264-5614 Augue Rd.,Germany,Cagayan Valley,8.0,8.439,F8S 9Q6
Remedios Mcbride,(259) 442-8470,maecenas.libero@hotmail.com,358-2394 Pede. Avenue,Spain,Connecticut,6.0,5.183,N6J 3R3
Cade Browning,(152) 821-5864,nunc@icloud.com,761-1722 Mi Av.,Nigeria,Nova Scotia,10.0,5.571,G4S 3F3
Justin Carver,(257) 785-3132,ultricies.adipiscing@icloud.org,408-5372 Penatibus Ave,Peru,Haryana,14.0,7.761,G8L 8A7
Ainsley Farmer,1-245-883-9597,dignissim.magna.a@aol.org,855-3314 Sed Avenue,Germany,Marche,3.0,6.027,W0W 8B3
Cade Sawyer,1-880-336-2892,neque@google.net,"430-8755 Nec, St.",France,Sinaloa,1.0,5.178,T8M 5W3
Silas Donovan,1-734-383-0575,donec.egestas@hotmail.org,Ap #326-5825 Mi St.,Canada,Michoacán,15.0,7.61,P9F 7C8
Genevieve Todd,(523) 253-1141,nunc.mauris@hotmail.ca,264-3798 Donec Road,Nigeria,Oslo,5.0,5.7940000000000005,R3F 7L5
Belle Wise,(513) 703-9812,posuere.at.velit@protonmail.net,"P.O. Box 378, 7630 Sed Ave",South Africa,Vaupés,14.0,7.22,O4I 4T3
Debra Gray,(790) 472-9455,a.mi@outlook.net,"P.O. Box 732, 818 Tellus St.",Brazil,Piura,7.0,6.599,H5I 6H2
Keegan Flowers,(471) 935-2221,sed.orci@aol.org,274-7611 Mauris Avenue,United States,Novosibirsk Oblast,13.0,6.1000000000000005,W2C 5D8
Roanna Quinn,(643) 541-0712,eu.enim.etiam@google.ca,176-3002 Nibh Street,Vietnam,Munster,11.0,7.707,Q3M 5Y6
Kalia Goff,(782) 903-1851,mauris@protonmail.edu,322-491 Nonummy Rd.,Turkey,Friuli-Venezia Giulia,13.0,9.381,H8I 3L6
Owen Rios,1-247-640-5759,enim.nec.tempus@hotmail.net,Ap #810-3828 Fames Street,Chile,Trà Vinh,14.0,9.011000000000001,X2F 4K7
Quyn Leach,1-477-795-7852,congue.a@yahoo.edu,4570 Nulla St.,Vietnam,Paraíba,13.0,6.478,S3T 6F8
Gareth Cobb,(186) 882-7712,aliquam.eros@icloud.net,Ap #575-3260 Arcu Av.,Turkey,Connacht,14.0,7.884,Y0X 3S5
Wyatt Savage,(227) 123-5627,mauris.ut.mi@google.net,"P.O. Box 215, 6695 Semper St.",Indonesia,Jalisco,3.0,8.76,T6V 1N8
Britanni Finch,1-265-808-4143,nibh.sit.amet@outlook.couk,"P.O. Box 436, 3775 Dis Avenue",Mexico,Jönköpings län,8.0,7.687,L1X 5T4
Vaughan Anthony,1-514-756-1752,velit.quisque@google.com,"2989 Placerat, St.",Mexico,Şanlıurfa,6.0,7.095,W9H 8S6
Leroy Gordon,1-283-477-9525,eget.ipsum@hotmail.couk,"203-9910 Elit, Avenue",South Korea,Munster,9.0,5.239,K5Y 1S6
Martena Wilkins,1-656-541-1823,eu.dui@aol.org,5723 Nascetur Av.,Colombia,Magallanes y Antártica Chilena,15.0,9.338000000000001,L2N 3G2
Leonard Lindsay,(889) 628-4140,consequat.enim@outlook.couk,297-7181 Purus Ave,Singapore,Cheshire,12.0,9.327,Q6K 1E4
Lucy Key,1-542-241-3231,aliquam.erat@google.couk,649-8418 Phasellus St.,France,Araucanía,13.0,8.452,Q1S 0E1
Idona Glenn,1-328-748-9509,cras@outlook.com,3952 Mauris Ave,Colombia,Innlandet,2.0,9.595,X8U 2P1
George Ballard,1-495-512-1321,erat@icloud.org,Ap #901-7219 Morbi Av.,Australia,South Island,5.0,6.914,D4P 6N9
Mercedes Blevins,(614) 522-5668,vitae.velit@yahoo.edu,469-7864 Risus. Ave,Costa Rica,Leinster,5.0,7.8740000000000006,F0I 6K1
Shad Glass,1-970-512-4376,egestas.ligula.nullam@aol.org,"P.O. Box 897, 6586 Non Av.",Chile,Melilla,12.0,9.377,K1E 7V7
Seth Velasquez,1-583-157-0047,sit@hotmail.couk,413-9791 Fermentum Street,Indonesia,Yukon,10.0,7.4590000000000005,S4F 3T4
Jemima Lloyd,1-804-414-1875,nisi@outlook.couk,Ap #232-7353 Nibh Street,Mexico,South Island,4.0,6.9,R6F 8E9
Allen Dennis,1-737-799-4458,diam.proin.dolor@aol.org,659-9131 Erat Ave,Pakistan,Aragón,14.0,9.266,M3U 6W6
Knox Ortiz,1-131-397-8946,a.aliquet@protonmail.net,"P.O. Box 530, 2122 Auctor St.",Spain,Guainía,13.0,7.873,Q3V 7B5
Joelle Carpenter,1-656-527-0492,varius@aol.ca,Ap #712-5483 Sem Rd.,Canada,Cheshire,10.0,8.029,B0W 3P8
Kasper Gardner,1-876-377-4588,risus.nulla@google.ca,Ap #472-5737 Id Street,Colombia,Louisiana,6.0,8.688,S3V 2W4
Donovan Stephenson,(874) 661-1502,mauris.aliquam@yahoo.couk,848-8359 Donec Av.,Brazil,Kerala,13.0,9.559000000000001,G4J 6O5
Mariam Dale,(234) 295-4773,et.ipsum@outlook.couk,"987-3431 Ultrices, Avenue",South Africa,Sutherland,14.0,7.414000000000001,O5S 5D6
Garrett Alvarez,(236) 121-3713,non.dapibus.rutrum@aol.net,"Ap #795-9540 Eget, Ave",Singapore,Free State,2.0,5.563,M3C 8H6
Jack Carpenter,(911) 374-9218,arcu@icloud.net,Ap #987-9461 Diam Avenue,South Korea,Centre,15.0,9.144,K3P 3A7
Robert Sherman,1-611-676-3604,risus.nulla@outlook.net,998-4313 Magna. Rd.,Austria,Leinster,12.0,7.706,Q8N 4G9
Kennan Sampson,(248) 481-4395,tincidunt.neque@hotmail.ca,3624 Pede Avenue,Vietnam,Cartago,15.0,9.865,M8D 4C1
Kiona Moran,(565) 416-1188,feugiat.metus@protonmail.org,503-6455 Luctus Road,Philippines,Drenthe,12.0,8.723,A2I 2B2
Risa Peters,1-326-374-4637,nam.consequat.dolor@aol.ca,"3212 Ornare, Rd.",Germany,Karnataka,3.0,8.647,L6I 6A7
Acton Black,1-387-266-2677,vivamus.nibh@hotmail.com,Ap #505-6441 Libero Rd.,China,West Region,1.0,9.895,X6C 3Q4
Joshua Branch,1-338-764-7460,mollis.vitae@aol.edu,Ap #946-2999 Dignissim. Av.,Australia,Zhōngnán,1.0,8.92,G4Z 8M4
Brenden Madden,(565) 592-4897,mauris.ipsum.porta@protonmail.edu,7503 Sem St.,South Korea,Leinster,13.0,5.219,G8N 8U2
Ruby Barker,1-332-154-4451,eleifend.vitae@aol.edu,526-5273 Lectus St.,Ukraine,Dalarnas län,8.0,7.337,J3H 2F8
Tanisha Blair,(725) 741-6268,aliquet@protonmail.net,810-1415 Nunc St.,Canada,Ternopil oblast,10.0,9.833,Q8I 5E7
Clark Watson,1-804-624-1554,diam.at@protonmail.com,"P.O. Box 623, 3908 Nibh St.",Sweden,Östergötlands län,3.0,6.899,X3X 8Q1
Chancellor Vinson,1-459-861-1367,luctus.sit@hotmail.com,2273 Gravida Street,South Africa,Kyiv oblast,3.0,8.079,V7X 1D9
Imelda Durham,1-688-654-3859,aenean.eget.magna@aol.edu,981-4270 Donec Ave,Colombia,Los Ríos,8.0,5.0840000000000005,T2A 1B0
Cameran Edwards,1-826-657-1656,in@aol.org,120-775 Dui. St.,Mexico,Andaman and Nicobar Islands,10.0,8.518,S3R 6J6
Jolene Solomon,(556) 617-1689,nam.tempor@yahoo.ca,Ap #498-4951 Magnis Ave,Ireland,Antwerpen,15.0,5.668,W6G 7E1
Jordan Briggs,(742) 356-8651,eu.tellus@protonmail.ca,"P.O. Box 237, 9864 Penatibus Rd.",Austria,Kurgan Oblast,3.0,5.708,Z0O 7P8
Xenos Blair,(430) 828-6123,porttitor.tellus@protonmail.net,836-8672 Dictum Av.,Sweden,Mpumalanga,3.0,8.658,Y8Z 1A1
Martha Cantu,(288) 328-3159,ultrices.sit.amet@aol.ca,Ap #487-637 Integer Street,Canada,Munster,2.0,7.776,Z6J 4U7
Mannix Morales,(645) 718-5327,ut.nec.urna@google.org,5093 Mi Av.,France,Vlaams-Brabant,6.0,8.857,N6M 7O0
Kenyon Arnold,1-258-727-7481,nascetur.ridiculus.mus@protonmail.org,Ap #614-3428 In Avenue,New Zealand,Jigawa,5.0,9.018,C2Y 7P1
Hollee Mcintosh,(347) 622-0770,semper.tellus.id@google.edu,2292 Dui Rd.,United States,Eastern Visayas,3.0,8.592,U4X 4F4
